epoch,lr-Adam,step,test_acc,test_loss,train_acc,train_loss_epoch,train_loss_step,val_acc,val_loss
,0.001,0,,,,,,,
0,,9,,,,,1.676076889038086,,
0,,19,,,,,1.0643441677093506,,
0,,29,,,,,0.7238950729370117,,
0,,39,,,,,0.858180820941925,,
0,,49,,,,,0.5388073921203613,,
0,,59,,,,,0.4803886115550995,,
0,,69,,,,,0.5191599726676941,,
0,,79,,,,,0.47024399042129517,,
0,,89,,,,,0.7154844999313354,,
0,,99,,,,,0.3401827812194824,,
0,,109,,,,,0.45848727226257324,,
0,,119,,,,,0.6997888684272766,,
0,,129,,,,,0.2811835706233978,,
0,,139,,,,,0.24659471213817596,,
0,,149,,,,,0.30568239092826843,,
0,,159,,,,,0.3797461986541748,,
0,,169,,,,,0.4454759657382965,,
0,,179,,,,,0.16838008165359497,,
0,,189,,,,,0.8315540552139282,,
0,,199,,,,,0.4593832790851593,,
0,,209,,,,,0.22802183032035828,,
0,,219,,,,,0.32516634464263916,,
0,,229,,,,,0.42452797293663025,,
0,,239,,,,,0.45753347873687744,,
0,,249,,,,,0.23727388679981232,,
0,,259,,,,,0.3445482552051544,,
0,,269,,,,,0.6620982885360718,,
0,,279,,,,,0.2440260648727417,,
0,,289,,,,,0.2409864068031311,,
0,,299,,,,,0.24248106777668,,
0,,309,,,,,0.3802880346775055,,
0,,319,,,,,0.16790273785591125,,
0,,329,,,,,0.08605298399925232,,
0,,339,,,,,0.24049656093120575,,
0,,349,,,,,0.20309901237487793,,
0,,359,,,,,0.4384492337703705,,
0,,369,,,,,0.13806593418121338,,
0,,379,,,,,0.21367835998535156,,
0,,389,,,,,0.19564419984817505,,
0,,399,,,,,0.17052334547042847,,
0,,409,,,,,0.12586668133735657,,
0,,419,,,,,0.3729366660118103,,
0,,429,,,,,0.27600473165512085,,
0,,439,,,,,0.1734222173690796,,
0,,449,,,,,0.2933890223503113,,
0,,459,,,,,0.2759254276752472,,
0,,469,,,,,0.226111501455307,,
0,,479,,,,,0.29285722970962524,,
0,,489,,,,,0.2589910626411438,,
0,,499,,,,,0.2342502623796463,,
0,,509,,,,,0.1094660758972168,,
0,,519,,,,,0.1531376838684082,,
0,,529,,,,,0.16994984447956085,,
0,,539,,,,,0.24420064687728882,,
0,,549,,,,,0.26113417744636536,,
0,,559,,,,,0.19417080283164978,,
0,,569,,,,,0.11821845918893814,,
0,,579,,,,,0.2206299602985382,,
0,,589,,,,,0.21234026551246643,,
0,,599,,,,,0.18132613599300385,,
0,,609,,,,,0.11724957823753357,,
0,,619,,,,,0.17399773001670837,,
0,,629,,,,,0.14683642983436584,,
0,,639,,,,,0.16822044551372528,,
0,,649,,,,,0.13058137893676758,,
0,,659,,,,,0.2432757318019867,,
0,,669,,,,,0.1572873592376709,,
0,,679,,,,,0.17226913571357727,,
0,,689,,,,,0.21179834008216858,,
0,,699,,,,,0.2051706612110138,,
0,,709,,,,,0.10367130488157272,,
0,,719,,,,,0.11082825809717178,,
0,,729,,,,,0.390573650598526,,
0,,739,,,,,0.1846354901790619,,
0,,749,,,,,0.2838577628135681,,
0,,749,,,,,,0.95291668176651,0.1561111956834793
0,,749,,,0.8931249976158142,0.34597378969192505,,,
,0.001,750,,,,,,,
1,,759,,,,,0.09743891656398773,,
1,,769,,,,,0.10348624736070633,,
1,,779,,,,,0.17676973342895508,,
1,,789,,,,,0.09100167453289032,,
1,,799,,,,,0.13746069371700287,,
1,,809,,,,,0.17135727405548096,,
1,,819,,,,,0.26115018129348755,,
1,,829,,,,,0.2272510826587677,,
1,,839,,,,,0.17465893924236298,,
1,,849,,,,,0.10980108380317688,,
1,,859,,,,,0.15675675868988037,,
1,,869,,,,,0.09300719201564789,,
1,,879,,,,,0.18537622690200806,,
1,,889,,,,,0.1526252031326294,,
1,,899,,,,,0.11959518492221832,,
1,,909,,,,,0.03825688362121582,,
1,,919,,,,,0.19362503290176392,,
1,,929,,,,,0.07729707658290863,,
1,,939,,,,,0.2818339169025421,,
1,,949,,,,,0.130996972322464,,
1,,959,,,,,0.18277090787887573,,
1,,969,,,,,0.19486747682094574,,
1,,979,,,,,0.27192485332489014,,
1,,989,,,,,0.1266144961118698,,
1,,999,,,,,0.17290520668029785,,
1,,1009,,,,,0.15819549560546875,,
1,,1019,,,,,0.40310630202293396,,
1,,1029,,,,,0.13417021930217743,,
1,,1039,,,,,0.1632622480392456,,
1,,1049,,,,,0.6381282806396484,,
1,,1059,,,,,0.15097735822200775,,
1,,1069,,,,,0.07511575520038605,,
1,,1079,,,,,0.20559585094451904,,
1,,1089,,,,,0.06511625647544861,,
1,,1099,,,,,0.10244647413492203,,
1,,1109,,,,,0.08457551896572113,,
1,,1119,,,,,0.2394304871559143,,
1,,1129,,,,,0.17524072527885437,,
1,,1139,,,,,0.18495407700538635,,
1,,1149,,,,,0.27049386501312256,,
1,,1159,,,,,0.1223413497209549,,
1,,1169,,,,,0.07427417486906052,,
1,,1179,,,,,0.09974861890077591,,
1,,1189,,,,,0.21572718024253845,,
1,,1199,,,,,0.08036952465772629,,
1,,1209,,,,,0.057670481503009796,,
1,,1219,,,,,0.18306517601013184,,
1,,1229,,,,,0.2049787938594818,,
1,,1239,,,,,0.09221524745225906,,
1,,1249,,,,,0.25056880712509155,,
1,,1259,,,,,0.3761831820011139,,
1,,1269,,,,,0.15552183985710144,,
1,,1279,,,,,0.12533950805664062,,
1,,1289,,,,,0.11284159868955612,,
1,,1299,,,,,0.14156046509742737,,
1,,1309,,,,,0.3973925709724426,,
1,,1319,,,,,0.10312588512897491,,
1,,1329,,,,,0.16549095511436462,,
1,,1339,,,,,0.25520390272140503,,
1,,1349,,,,,0.13617953658103943,,
1,,1359,,,,,0.14199036359786987,,
1,,1369,,,,,0.103589728474617,,
1,,1379,,,,,0.05898994952440262,,
1,,1389,,,,,0.16246768832206726,,
1,,1399,,,,,0.24088405072689056,,
1,,1409,,,,,0.10333853960037231,,
1,,1419,,,,,0.10638022422790527,,
1,,1429,,,,,0.10587128251791,,
1,,1439,,,,,0.17522524297237396,,
1,,1449,,,,,0.1762569546699524,,
1,,1459,,,,,0.08475305140018463,,
1,,1469,,,,,0.042091939598321915,,
1,,1479,,,,,0.08444453775882721,,
1,,1489,,,,,0.16584336757659912,,
1,,1499,,,,,0.07921475917100906,,
1,,1499,,,,,,0.9681666493415833,0.11427081376314163
1,,1499,,,0.9492499828338623,0.16723784804344177,,,
,0.001,1500,,,,,,,
2,,1509,,,,,0.26560163497924805,,
2,,1519,,,,,0.07926617562770844,,
2,,1529,,,,,0.1519494652748108,,
2,,1539,,,,,0.14237383008003235,,
2,,1549,,,,,0.19334357976913452,,
2,,1559,,,,,0.10382907837629318,,
2,,1569,,,,,0.15468154847621918,,
2,,1579,,,,,0.1990940272808075,,
2,,1589,,,,,0.08267375081777573,,
2,,1599,,,,,0.13704976439476013,,
2,,1609,,,,,0.17354640364646912,,
2,,1619,,,,,0.1334829479455948,,
2,,1629,,,,,0.13457809388637543,,
2,,1639,,,,,0.22631271183490753,,
2,,1649,,,,,0.045902837067842484,,
2,,1659,,,,,0.1008986085653305,,
2,,1669,,,,,0.16382786631584167,,
2,,1679,,,,,0.09071828424930573,,
2,,1689,,,,,0.05524997413158417,,
2,,1699,,,,,0.06973031908273697,,
2,,1709,,,,,0.029971985146403313,,
2,,1719,,,,,0.06976406276226044,,
2,,1729,,,,,0.25811290740966797,,
2,,1739,,,,,0.11829204857349396,,
2,,1749,,,,,0.08010810613632202,,
2,,1759,,,,,0.025678427889943123,,
2,,1769,,,,,0.27423393726348877,,
2,,1779,,,,,0.14431071281433105,,
2,,1789,,,,,0.12311219424009323,,
2,,1799,,,,,0.19737529754638672,,
2,,1809,,,,,0.14171838760375977,,
2,,1819,,,,,0.09563131630420685,,
2,,1829,,,,,0.3029389977455139,,
2,,1839,,,,,0.14673735201358795,,
2,,1849,,,,,0.12409024685621262,,
2,,1859,,,,,0.16347897052764893,,
2,,1869,,,,,0.12312108278274536,,
2,,1879,,,,,0.03269340842962265,,
2,,1889,,,,,0.13814927637577057,,
2,,1899,,,,,0.12392094731330872,,
2,,1909,,,,,0.132635235786438,,
2,,1919,,,,,0.0370950810611248,,
2,,1929,,,,,0.06840398907661438,,
2,,1939,,,,,0.19257287681102753,,
2,,1949,,,,,0.16456323862075806,,
2,,1959,,,,,0.07453352212905884,,
2,,1969,,,,,0.09275614470243454,,
2,,1979,,,,,0.06382197886705399,,
2,,1989,,,,,0.07071183621883392,,
2,,1999,,,,,0.13788673281669617,,
2,,2009,,,,,0.048006005585193634,,
2,,2019,,,,,0.15153105556964874,,
2,,2029,,,,,0.2333924025297165,,
2,,2039,,,,,0.04906138405203819,,
2,,2049,,,,,0.262073278427124,,
2,,2059,,,,,0.26463794708251953,,
2,,2069,,,,,0.1009458526968956,,
2,,2079,,,,,0.23793262243270874,,
2,,2089,,,,,0.09478870034217834,,
2,,2099,,,,,0.12989550828933716,,
2,,2109,,,,,0.037305377423763275,,
2,,2119,,,,,0.16637597978115082,,
2,,2129,,,,,0.17632551491260529,,
2,,2139,,,,,0.1657903790473938,,
2,,2149,,,,,0.13820843398571014,,
2,,2159,,,,,0.29481247067451477,,
2,,2169,,,,,0.1635814756155014,,
2,,2179,,,,,0.15004011988639832,,
2,,2189,,,,,0.1421637237071991,,
2,,2199,,,,,0.11935917288064957,,
2,,2209,,,,,0.19027495384216309,,
2,,2219,,,,,0.14324140548706055,,
2,,2229,,,,,0.21336571872234344,,
2,,2239,,,,,0.09211552143096924,,
2,,2249,,,,,0.09221965819597244,,
2,,2249,,,,,,0.9714999794960022,0.10024130344390869
2,,2249,,,0.9608333110809326,0.13073965907096863,,,
,0.001,2250,,,,,,,
3,,2259,,,,,0.30723506212234497,,
3,,2269,,,,,0.08717113733291626,,
3,,2279,,,,,0.1439303755760193,,
3,,2289,,,,,0.1014646515250206,,
3,,2299,,,,,0.18486349284648895,,
3,,2309,,,,,0.06803739070892334,,
3,,2319,,,,,0.08275245875120163,,
3,,2329,,,,,0.055373355746269226,,
3,,2339,,,,,0.2417101263999939,,
3,,2349,,,,,0.11393968760967255,,
3,,2359,,,,,0.12607188522815704,,
3,,2369,,,,,0.2346380650997162,,
3,,2379,,,,,0.15836668014526367,,
3,,2389,,,,,0.08826549351215363,,
3,,2399,,,,,0.030382538214325905,,
3,,2409,,,,,0.07318832725286484,,
3,,2419,,,,,0.16524891555309296,,
3,,2429,,,,,0.03728529065847397,,
3,,2439,,,,,0.1495906263589859,,
3,,2449,,,,,0.16981783509254456,,
3,,2459,,,,,0.05225181207060814,,
3,,2469,,,,,0.13655026257038116,,
3,,2479,,,,,0.0731784850358963,,
3,,2489,,,,,0.18992938101291656,,
3,,2499,,,,,0.05888601765036583,,
3,,2509,,,,,0.07011090964078903,,
3,,2519,,,,,0.0410585030913353,,
3,,2529,,,,,0.03131725639104843,,
3,,2539,,,,,0.07725049555301666,,
3,,2549,,,,,0.10113785415887833,,
3,,2559,,,,,0.02902897819876671,,
3,,2569,,,,,0.16413013637065887,,
3,,2579,,,,,0.04422708973288536,,
3,,2589,,,,,0.0434722974896431,,
3,,2599,,,,,0.035389985889196396,,
3,,2609,,,,,0.020425284281373024,,
3,,2619,,,,,0.07871753722429276,,
3,,2629,,,,,0.07218542695045471,,
3,,2639,,,,,0.034454379230737686,,
3,,2649,,,,,0.1121920794248581,,
3,,2659,,,,,0.09289024025201797,,
3,,2669,,,,,0.08252231776714325,,
3,,2679,,,,,0.0832567885518074,,
3,,2689,,,,,0.14125899970531464,,
3,,2699,,,,,0.13835901021957397,,
3,,2709,,,,,0.0688706785440445,,
3,,2719,,,,,0.19191329181194305,,
3,,2729,,,,,0.012581462040543556,,
3,,2739,,,,,0.08695068955421448,,
3,,2749,,,,,0.17815148830413818,,
3,,2759,,,,,0.08902249485254288,,
3,,2769,,,,,0.04536694288253784,,
3,,2779,,,,,0.1379302442073822,,
3,,2789,,,,,0.09237430989742279,,
3,,2799,,,,,0.16571229696273804,,
3,,2809,,,,,0.35116925835609436,,
3,,2819,,,,,0.17615903913974762,,
3,,2829,,,,,0.045083772391080856,,
3,,2839,,,,,0.034704551100730896,,
3,,2849,,,,,0.026825174689292908,,
3,,2859,,,,,0.08292452245950699,,
3,,2869,,,,,0.08734075725078583,,
3,,2879,,,,,0.09004634618759155,,
3,,2889,,,,,0.26135504245758057,,
3,,2899,,,,,0.09999944269657135,,
3,,2909,,,,,0.04309019818902016,,
3,,2919,,,,,0.008229579776525497,,
3,,2929,,,,,0.046467434614896774,,
3,,2939,,,,,0.13081946969032288,,
3,,2949,,,,,0.2687527537345886,,
3,,2959,,,,,0.1895146369934082,,
3,,2969,,,,,0.2270885407924652,,
3,,2979,,,,,0.05985747277736664,,
3,,2989,,,,,0.0773167833685875,,
3,,2999,,,,,0.17673815786838531,,
3,,2999,,,,,,0.968583345413208,0.11244315654039383
3,,2999,,,0.9668958187103271,0.1059470847249031,,,
,0.001,3000,,,,,,,
4,,3009,,,,,0.08459819108247757,,
4,,3019,,,,,0.06212399899959564,,
4,,3029,,,,,0.026375574991106987,,
4,,3039,,,,,0.057906314730644226,,
4,,3049,,,,,0.05451345816254616,,
4,,3059,,,,,0.05484664812684059,,
4,,3069,,,,,0.19007191061973572,,
4,,3079,,,,,0.11899805068969727,,
4,,3089,,,,,0.10537803173065186,,
4,,3099,,,,,0.10138746351003647,,
4,,3109,,,,,0.14204415678977966,,
4,,3119,,,,,0.05375208705663681,,
4,,3129,,,,,0.08497986942529678,,
4,,3139,,,,,0.08931101113557816,,
4,,3149,,,,,0.012527896091341972,,
4,,3159,,,,,0.08815023303031921,,
4,,3169,,,,,0.042035385966300964,,
4,,3179,,,,,0.104256272315979,,
4,,3189,,,,,0.006377289071679115,,
4,,3199,,,,,0.04930208623409271,,
4,,3209,,,,,0.052444230765104294,,
4,,3219,,,,,0.22306059300899506,,
4,,3229,,,,,0.06580888479948044,,
4,,3239,,,,,0.06573847681283951,,
4,,3249,,,,,0.0846216231584549,,
4,,3259,,,,,0.08204294741153717,,
4,,3269,,,,,0.01462031900882721,,
4,,3279,,,,,0.15993696451187134,,
4,,3289,,,,,0.0800703912973404,,
4,,3299,,,,,0.10468470305204391,,
4,,3309,,,,,0.11438237130641937,,
4,,3319,,,,,0.07400394231081009,,
4,,3329,,,,,0.12080206722021103,,
4,,3339,,,,,0.1568276286125183,,
4,,3349,,,,,0.10020596534013748,,
4,,3359,,,,,0.024389952421188354,,
4,,3369,,,,,0.18419484794139862,,
4,,3379,,,,,0.1304469257593155,,
4,,3389,,,,,0.11984668672084808,,
4,,3399,,,,,0.13430359959602356,,
4,,3409,,,,,0.08871963620185852,,
4,,3419,,,,,0.11882661283016205,,
4,,3429,,,,,0.16973121464252472,,
4,,3439,,,,,0.015529027208685875,,
4,,3449,,,,,0.04674732685089111,,
4,,3459,,,,,0.14265497028827667,,
4,,3469,,,,,0.1844531148672104,,
4,,3479,,,,,0.14289447665214539,,
4,,3489,,,,,0.1441957950592041,,
4,,3499,,,,,0.0639885738492012,,
4,,3509,,,,,0.023753084242343903,,
4,,3519,,,,,0.020744353532791138,,
4,,3529,,,,,0.025991983711719513,,
4,,3539,,,,,0.011864980682730675,,
4,,3549,,,,,0.19061559438705444,,
4,,3559,,,,,0.0691867470741272,,
4,,3569,,,,,0.057525452226400375,,
4,,3579,,,,,0.07628881186246872,,
4,,3589,,,,,0.05678965523838997,,
4,,3599,,,,,0.019875187426805496,,
4,,3609,,,,,0.11281504482030869,,
4,,3619,,,,,0.1921398937702179,,
4,,3629,,,,,0.16747233271598816,,
4,,3639,,,,,0.15289124846458435,,
4,,3649,,,,,0.17051267623901367,,
4,,3659,,,,,0.1323145627975464,,
4,,3669,,,,,0.1492166817188263,,
4,,3679,,,,,0.07009982317686081,,
4,,3689,,,,,0.036014363169670105,,
4,,3699,,,,,0.13594862818717957,,
4,,3709,,,,,0.10551346838474274,,
4,,3719,,,,,0.04030945152044296,,
4,,3729,,,,,0.07393436133861542,,
4,,3739,,,,,0.08925841748714447,,
4,,3749,,,,,0.07414239645004272,,
4,,3749,,,,,,0.9775000214576721,0.08448673039674759
4,,3749,,,0.9706458449363708,0.09706900268793106,,,
,0.001,3750,,,,,,,
5,,3759,,,,,0.047988854348659515,,
5,,3769,,,,,0.06866604089736938,,
5,,3779,,,,,0.012506851926445961,,
5,,3789,,,,,0.16036227345466614,,
5,,3799,,,,,0.08406383544206619,,
5,,3809,,,,,0.07723703980445862,,
5,,3819,,,,,0.04646024852991104,,
5,,3829,,,,,0.11039462685585022,,
5,,3839,,,,,0.03022809326648712,,
5,,3849,,,,,0.022592537105083466,,
5,,3859,,,,,0.03940792754292488,,
5,,3869,,,,,0.07298756390810013,,
5,,3879,,,,,0.04577881097793579,,
5,,3889,,,,,0.05720285326242447,,
5,,3899,,,,,0.02350413054227829,,
5,,3909,,,,,0.024374954402446747,,
5,,3919,,,,,0.12206126004457474,,
5,,3929,,,,,0.029130198061466217,,
5,,3939,,,,,0.16794125735759735,,
5,,3949,,,,,0.14626145362854004,,
5,,3959,,,,,0.18495377898216248,,
5,,3969,,,,,0.16239367425441742,,
5,,3979,,,,,0.05709679424762726,,
5,,3989,,,,,0.06714659184217453,,
5,,3999,,,,,0.10551996529102325,,
5,,4009,,,,,0.07243406027555466,,
5,,4019,,,,,0.044151462614536285,,
5,,4029,,,,,0.039589203894138336,,
5,,4039,,,,,0.0776447057723999,,
5,,4049,,,,,0.001726549118757248,,
5,,4059,,,,,0.06321962922811508,,
5,,4069,,,,,0.08538590371608734,,
5,,4079,,,,,0.15681962668895721,,
5,,4089,,,,,0.016550464555621147,,
5,,4099,,,,,0.028832610696554184,,
5,,4109,,,,,0.21269983053207397,,
5,,4119,,,,,0.2774103283882141,,
5,,4129,,,,,0.06215764582157135,,
5,,4139,,,,,0.19679883122444153,,
5,,4149,,,,,0.030817542225122452,,
5,,4159,,,,,0.06866192817687988,,
5,,4169,,,,,0.11346158385276794,,
5,,4179,,,,,0.08277040719985962,,
5,,4189,,,,,0.24461205303668976,,
5,,4199,,,,,0.11259151250123978,,
5,,4209,,,,,0.019686805084347725,,
5,,4219,,,,,0.16709426045417786,,
5,,4229,,,,,0.08683028817176819,,
5,,4239,,,,,0.06975936144590378,,
5,,4249,,,,,0.05986415594816208,,
5,,4259,,,,,0.12479937076568604,,
5,,4269,,,,,0.17380277812480927,,
5,,4279,,,,,0.05219987407326698,,
5,,4289,,,,,0.05104895681142807,,
5,,4299,,,,,0.0047720447182655334,,
5,,4309,,,,,0.07595063745975494,,
5,,4319,,,,,0.29803699254989624,,
5,,4329,,,,,0.09775598347187042,,
5,,4339,,,,,0.07003326714038849,,
5,,4349,,,,,0.08905047178268433,,
5,,4359,,,,,0.019715063273906708,,
5,,4369,,,,,0.11032786965370178,,
5,,4379,,,,,0.04745171219110489,,
5,,4389,,,,,0.04604540765285492,,
5,,4399,,,,,0.12692449986934662,,
5,,4409,,,,,0.03547954559326172,,
5,,4419,,,,,0.10440769791603088,,
5,,4429,,,,,0.17790564894676208,,
5,,4439,,,,,0.16807089745998383,,
5,,4449,,,,,0.11678576469421387,,
5,,4459,,,,,0.32870402932167053,,
5,,4469,,,,,0.2528957724571228,,
5,,4479,,,,,0.06922842562198639,,
5,,4489,,,,,0.24911969900131226,,
5,,4499,,,,,0.05276127904653549,,
5,,4499,,,,,,0.9756666421890259,0.08918241411447525
5,,4499,,,0.9733333587646484,0.0880127027630806,,,
,0.001,4500,,,,,,,
6,,4509,,,,,0.019300777465105057,,
6,,4519,,,,,0.0566779188811779,,
6,,4529,,,,,0.07887358963489532,,
6,,4539,,,,,0.033263590186834335,,
6,,4549,,,,,0.053300999104976654,,
6,,4559,,,,,0.2145986557006836,,
6,,4569,,,,,0.14328590035438538,,
6,,4579,,,,,0.02199210412800312,,
6,,4589,,,,,0.11887926608324051,,
6,,4599,,,,,0.12666970491409302,,
6,,4609,,,,,0.09181833267211914,,
6,,4619,,,,,0.034385815262794495,,
6,,4629,,,,,0.06259756535291672,,
6,,4639,,,,,0.06171856075525284,,
6,,4649,,,,,0.07407829910516739,,
6,,4659,,,,,0.07673527300357819,,
6,,4669,,,,,0.110517218708992,,
6,,4679,,,,,0.10492891818284988,,
6,,4689,,,,,0.06409977376461029,,
6,,4699,,,,,0.03694178909063339,,
6,,4709,,,,,0.13396641612052917,,
6,,4719,,,,,0.030007479712367058,,
6,,4729,,,,,0.10125154256820679,,
6,,4739,,,,,0.11148543655872345,,
6,,4749,,,,,0.06730388849973679,,
6,,4759,,,,,0.005370233207941055,,
6,,4769,,,,,0.10351470112800598,,
6,,4779,,,,,0.07548835873603821,,
6,,4789,,,,,0.05586099997162819,,
6,,4799,,,,,0.07101142406463623,,
6,,4809,,,,,0.15350541472434998,,
6,,4819,,,,,0.024797189980745316,,
6,,4829,,,,,0.004159983247518539,,
6,,4839,,,,,0.019000578671693802,,
6,,4849,,,,,0.059495508670806885,,
6,,4859,,,,,0.028249116614460945,,
6,,4869,,,,,0.019946180284023285,,
6,,4879,,,,,0.13421276211738586,,
6,,4889,,,,,0.19056984782218933,,
6,,4899,,,,,0.15202835202217102,,
6,,4909,,,,,0.072609081864357,,
6,,4919,,,,,0.1162675991654396,,
6,,4929,,,,,0.1308927685022354,,
6,,4939,,,,,0.01798165962100029,,
6,,4949,,,,,0.017562681809067726,,
6,,4959,,,,,0.03958115726709366,,
6,,4969,,,,,0.06688949465751648,,
6,,4979,,,,,0.07299138605594635,,
6,,4989,,,,,0.028929635882377625,,
6,,4999,,,,,0.17278353869915009,,
6,,5009,,,,,0.020535940304398537,,
6,,5019,,,,,0.03521958738565445,,
6,,5029,,,,,0.20397493243217468,,
6,,5039,,,,,0.05476347357034683,,
6,,5049,,,,,0.005578408017754555,,
6,,5059,,,,,0.08415461331605911,,
6,,5069,,,,,0.11154681444168091,,
6,,5079,,,,,0.07101238518953323,,
6,,5089,,,,,0.06098178029060364,,
6,,5099,,,,,0.17811319231987,,
6,,5109,,,,,0.07887747883796692,,
6,,5119,,,,,0.09506219625473022,,
6,,5129,,,,,0.12667761743068695,,
6,,5139,,,,,0.11894666403532028,,
6,,5149,,,,,0.13383911550045013,,
6,,5159,,,,,0.005476484075188637,,
6,,5169,,,,,0.03954135626554489,,
6,,5179,,,,,0.03416579216718674,,
6,,5189,,,,,0.08885762840509415,,
6,,5199,,,,,0.09495660662651062,,
6,,5209,,,,,0.21830612421035767,,
6,,5219,,,,,0.15786579251289368,,
6,,5229,,,,,0.01840621791779995,,
6,,5239,,,,,0.0859738290309906,,
6,,5249,,,,,0.32095396518707275,,
6,,5249,,,,,,0.9763333201408386,0.09279556572437286
6,,5249,,,0.9748958349227905,0.07891038060188293,,,
,0.001,5250,,,,,,,
7,,5259,,,,,0.09874896705150604,,
7,,5269,,,,,0.03651437908411026,,
7,,5279,,,,,0.06363281607627869,,
7,,5289,,,,,0.13039250671863556,,
7,,5299,,,,,0.05186943709850311,,
7,,5309,,,,,0.020547593012452126,,
7,,5319,,,,,0.09214441478252411,,
7,,5329,,,,,0.047553710639476776,,
7,,5339,,,,,0.015321426093578339,,
7,,5349,,,,,0.00801270641386509,,
7,,5359,,,,,0.05412490665912628,,
7,,5369,,,,,0.15768277645111084,,
7,,5379,,,,,0.10562508553266525,,
7,,5389,,,,,0.013009559363126755,,
7,,5399,,,,,0.01860072836279869,,
7,,5409,,,,,0.04457595944404602,,
7,,5419,,,,,0.142981618642807,,
7,,5429,,,,,0.05314810946583748,,
7,,5439,,,,,0.12030254304409027,,
7,,5449,,,,,0.032622139900922775,,
7,,5459,,,,,0.03171860799193382,,
7,,5469,,,,,0.06743603944778442,,
7,,5479,,,,,0.010236427187919617,,
7,,5489,,,,,0.02507835440337658,,
7,,5499,,,,,0.03209494799375534,,
7,,5509,,,,,0.0869995579123497,,
7,,5519,,,,,0.07465669512748718,,
7,,5529,,,,,0.03396010398864746,,
7,,5539,,,,,0.08573296666145325,,
7,,5549,,,,,0.05412553995847702,,
7,,5559,,,,,0.03813525289297104,,
7,,5569,,,,,0.007111359387636185,,
7,,5579,,,,,0.09514477849006653,,
7,,5589,,,,,0.0167207270860672,,
7,,5599,,,,,0.08437389880418777,,
7,,5609,,,,,0.04074625298380852,,
7,,5619,,,,,0.17797169089317322,,
7,,5629,,,,,0.022966992110013962,,
7,,5639,,,,,0.01911391317844391,,
7,,5649,,,,,0.09205883741378784,,
7,,5659,,,,,0.07130332291126251,,
7,,5669,,,,,0.13069602847099304,,
7,,5679,,,,,0.2639550268650055,,
7,,5689,,,,,0.04599714279174805,,
7,,5699,,,,,0.03073251061141491,,
7,,5709,,,,,0.05117389187216759,,
7,,5719,,,,,0.15832753479480743,,
7,,5729,,,,,0.01723908819258213,,
7,,5739,,,,,0.04191555455327034,,
7,,5749,,,,,0.010625328868627548,,
7,,5759,,,,,0.08380690962076187,,
7,,5769,,,,,0.10151542723178864,,
7,,5779,,,,,0.38563862442970276,,
7,,5789,,,,,0.025545548647642136,,
7,,5799,,,,,0.13506123423576355,,
7,,5809,,,,,0.039721932262182236,,
7,,5819,,,,,0.05819358304142952,,
7,,5829,,,,,0.061622414737939835,,
7,,5839,,,,,0.02353060618042946,,
7,,5849,,,,,0.03583643585443497,,
7,,5859,,,,,0.008954562246799469,,
7,,5869,,,,,0.09446075558662415,,
7,,5879,,,,,0.11340871453285217,,
7,,5889,,,,,0.025890493765473366,,
7,,5899,,,,,0.025246422737836838,,
7,,5909,,,,,0.0622083842754364,,
7,,5919,,,,,0.08198226243257523,,
7,,5929,,,,,0.009075434878468513,,
7,,5939,,,,,0.05121138319373131,,
7,,5949,,,,,0.10788222402334213,,
7,,5959,,,,,0.11151190102100372,,
7,,5969,,,,,0.050076477229595184,,
7,,5979,,,,,0.18885420262813568,,
7,,5989,,,,,0.028372015804052353,,
7,,5999,,,,,0.053798846900463104,,
7,,5999,,,,,,0.9763333201408386,0.09053947776556015
7,,5999,,,0.9775624871253967,0.07414248585700989,,,
,0.001,6000,,,,,,,
8,,6009,,,,,0.17847412824630737,,
8,,6019,,,,,0.027886396273970604,,
8,,6029,,,,,0.1153990626335144,,
8,,6039,,,,,0.038371212780475616,,
8,,6049,,,,,0.08598794788122177,,
8,,6059,,,,,0.006007233634591103,,
8,,6069,,,,,0.12436967343091965,,
8,,6079,,,,,0.07917924970388412,,
8,,6089,,,,,0.031488075852394104,,
8,,6099,,,,,0.10664419084787369,,
8,,6109,,,,,0.09518371522426605,,
8,,6119,,,,,0.036167874932289124,,
8,,6129,,,,,0.07616405189037323,,
8,,6139,,,,,0.03599395230412483,,
8,,6149,,,,,0.06026209890842438,,
8,,6159,,,,,0.010436467826366425,,
8,,6169,,,,,0.13511838018894196,,
8,,6179,,,,,0.040291983634233475,,
8,,6189,,,,,0.013102242723107338,,
8,,6199,,,,,0.017759911715984344,,
8,,6209,,,,,0.023914221674203873,,
8,,6219,,,,,0.06657834351062775,,
8,,6229,,,,,0.03814581036567688,,
8,,6239,,,,,0.11772113293409348,,
8,,6249,,,,,0.023652128875255585,,
8,,6259,,,,,0.152860626578331,,
8,,6269,,,,,0.005363680422306061,,
8,,6279,,,,,0.14989353716373444,,
8,,6289,,,,,0.04304124414920807,,
8,,6299,,,,,0.028082622215151787,,
8,,6309,,,,,0.03605668991804123,,
8,,6319,,,,,0.02770470269024372,,
8,,6329,,,,,0.17735473811626434,,
8,,6339,,,,,0.009368788450956345,,
8,,6349,,,,,0.021694250404834747,,
8,,6359,,,,,0.009143121540546417,,
8,,6369,,,,,0.06848853081464767,,
8,,6379,,,,,0.1507171243429184,,
8,,6389,,,,,0.0013560038059949875,,
8,,6399,,,,,0.17151734232902527,,
8,,6409,,,,,0.04525335133075714,,
8,,6419,,,,,0.162894606590271,,
8,,6429,,,,,0.02865401655435562,,
8,,6439,,,,,0.010102227330207825,,
8,,6449,,,,,0.13930122554302216,,
8,,6459,,,,,0.09273870289325714,,
8,,6469,,,,,0.04172022268176079,,
8,,6479,,,,,0.04469507932662964,,
8,,6489,,,,,0.06473842263221741,,
8,,6499,,,,,0.028000308200716972,,
8,,6509,,,,,0.0898919478058815,,
8,,6519,,,,,0.06998732686042786,,
8,,6529,,,,,0.19900575280189514,,
8,,6539,,,,,0.03092128597199917,,
8,,6549,,,,,0.04364227503538132,,
8,,6559,,,,,0.03461255133152008,,
8,,6569,,,,,0.10443990677595139,,
8,,6579,,,,,0.03685056418180466,,
8,,6589,,,,,0.05787146836519241,,
8,,6599,,,,,0.01754942163825035,,
8,,6609,,,,,0.01800307258963585,,
8,,6619,,,,,0.004094591364264488,,
8,,6629,,,,,0.05669684708118439,,
8,,6639,,,,,0.0685839131474495,,
8,,6649,,,,,0.052256882190704346,,
8,,6659,,,,,0.18098238110542297,,
8,,6669,,,,,0.014314057305455208,,
8,,6679,,,,,0.02696577087044716,,
8,,6689,,,,,0.09631730616092682,,
8,,6699,,,,,0.043110862374305725,,
8,,6709,,,,,0.0314788818359375,,
8,,6719,,,,,0.1417226344347,,
8,,6729,,,,,0.020473796874284744,,
8,,6739,,,,,0.024856870993971825,,
8,,6749,,,,,0.15026339888572693,,
8,,6749,,,,,,0.9771666526794434,0.08657298982143402
8,,6749,,,0.9780416488647461,0.0734553262591362,,,
,0.0005,6750,,,,,,,
9,,6759,,,,,0.03481244295835495,,
9,,6769,,,,,0.140036478638649,,
9,,6779,,,,,0.03328744322061539,,
9,,6789,,,,,0.01986776292324066,,
9,,6799,,,,,0.036889344453811646,,
9,,6809,,,,,0.015062963590025902,,
9,,6819,,,,,0.14174003899097443,,
9,,6829,,,,,0.020452044904232025,,
9,,6839,,,,,0.07603536546230316,,
9,,6849,,,,,0.10385899990797043,,
9,,6859,,,,,0.0076226722449064255,,
9,,6869,,,,,0.12158937752246857,,
9,,6879,,,,,0.0033912528306245804,,
9,,6889,,,,,0.023742057383060455,,
9,,6899,,,,,0.05770968273282051,,
9,,6909,,,,,0.016788462176918983,,
9,,6919,,,,,0.056050583720207214,,
9,,6929,,,,,0.03514040261507034,,
9,,6939,,,,,0.007206268608570099,,
9,,6949,,,,,0.12039582431316376,,
9,,6959,,,,,0.005254985764622688,,
9,,6969,,,,,0.01962091028690338,,
9,,6979,,,,,0.01600838266313076,,
9,,6989,,,,,0.05149270221590996,,
9,,6999,,,,,0.01869080774486065,,
9,,7009,,,,,0.03683321177959442,,
9,,7019,,,,,0.01708204858005047,,
9,,7029,,,,,0.08943773806095123,,
9,,7039,,,,,0.020061710849404335,,
9,,7049,,,,,0.06186513602733612,,
9,,7059,,,,,0.0053945183753967285,,
9,,7069,,,,,0.007379557937383652,,
9,,7079,,,,,0.01366548240184784,,
9,,7089,,,,,0.0006514601409435272,,
9,,7099,,,,,0.050820715725421906,,
9,,7109,,,,,0.007325638085603714,,
9,,7119,,,,,0.012847784906625748,,
9,,7129,,,,,0.017839347943663597,,
9,,7139,,,,,0.09379100054502487,,
9,,7149,,,,,0.07733308523893356,,
9,,7159,,,,,0.035767264664173126,,
9,,7169,,,,,0.21485254168510437,,
9,,7179,,,,,0.007633641362190247,,
9,,7189,,,,,0.04777704179286957,,
9,,7199,,,,,0.16905200481414795,,
9,,7209,,,,,0.03546898812055588,,
9,,7219,,,,,0.005473461002111435,,
9,,7229,,,,,0.019060678780078888,,
9,,7239,,,,,0.08890565484762192,,
9,,7249,,,,,0.032364439219236374,,
9,,7259,,,,,0.05751940980553627,,
9,,7269,,,,,0.008436610922217369,,
9,,7279,,,,,0.011863147839903831,,
9,,7289,,,,,0.02615543268620968,,
9,,7299,,,,,0.004949383437633514,,
9,,7309,,,,,0.009709570556879044,,
9,,7319,,,,,0.01323801651597023,,
9,,7329,,,,,0.07283569127321243,,
9,,7339,,,,,0.03393785282969475,,
9,,7349,,,,,0.11142092943191528,,
9,,7359,,,,,0.028387771919369698,,
9,,7369,,,,,0.00886899046599865,,
9,,7379,,,,,0.02302144281566143,,
9,,7389,,,,,0.03034180961549282,,
9,,7399,,,,,0.026921071112155914,,
9,,7409,,,,,0.08189897984266281,,
9,,7419,,,,,0.12761251628398895,,
9,,7429,,,,,0.002314576879143715,,
9,,7439,,,,,0.022109467536211014,,
9,,7449,,,,,0.007607065141201019,,
9,,7459,,,,,0.005686478689312935,,
9,,7469,,,,,0.0064416807144880295,,
9,,7479,,,,,0.13711807131767273,,
9,,7489,,,,,0.07561760395765305,,
9,,7499,,,,,0.04165984317660332,,
9,,7499,,,,,,0.9794999957084656,0.08080164343118668
9,,7499,,,0.9840624928474426,0.05097159370779991,,,
,0.0005,7500,,,,,,,
10,,7509,,,,,0.10313064604997635,,
10,,7519,,,,,0.016463175415992737,,
10,,7529,,,,,0.07722420990467072,,
10,,7539,,,,,0.0399760827422142,,
10,,7549,,,,,0.020917927846312523,,
10,,7559,,,,,0.04923875629901886,,
10,,7569,,,,,0.007334519177675247,,
10,,7579,,,,,0.06822267919778824,,
10,,7589,,,,,0.002557741478085518,,
10,,7599,,,,,0.015172731131315231,,
10,,7609,,,,,0.017123596742749214,,
10,,7619,,,,,0.017961731180548668,,
10,,7629,,,,,0.017184214666485786,,
10,,7639,,,,,0.009768661111593246,,
10,,7649,,,,,0.01270461268723011,,
10,,7659,,,,,0.12655535340309143,,
10,,7669,,,,,0.01749471202492714,,
10,,7679,,,,,0.03442205861210823,,
10,,7689,,,,,0.021411150693893433,,
10,,7699,,,,,0.008015409111976624,,
10,,7709,,,,,0.000806732103228569,,
10,,7719,,,,,0.0385562926530838,,
10,,7729,,,,,0.027184518054127693,,
10,,7739,,,,,0.06524741649627686,,
10,,7749,,,,,0.007056249305605888,,
10,,7759,,,,,0.07562937587499619,,
10,,7769,,,,,0.07486368715763092,,
10,,7779,,,,,0.010256793349981308,,
10,,7789,,,,,0.08790634572505951,,
10,,7799,,,,,0.016936643049120903,,
10,,7809,,,,,0.10830491781234741,,
10,,7819,,,,,0.002500457689166069,,
10,,7829,,,,,0.12564817070960999,,
10,,7839,,,,,0.04360589757561684,,
10,,7849,,,,,0.01515650749206543,,
10,,7859,,,,,0.022546891123056412,,
10,,7869,,,,,0.07276129722595215,,
10,,7879,,,,,0.016234170645475388,,
10,,7889,,,,,0.09646877646446228,,
10,,7899,,,,,0.021812517195940018,,
10,,7909,,,,,0.10102055966854095,,
10,,7919,,,,,0.06212051585316658,,
10,,7929,,,,,0.07667306065559387,,
10,,7939,,,,,0.0057679712772369385,,
10,,7949,,,,,0.13273382186889648,,
10,,7959,,,,,0.005050405859947205,,
10,,7969,,,,,0.03695695474743843,,
10,,7979,,,,,0.07469027489423752,,
10,,7989,,,,,0.0071500372141599655,,
10,,7999,,,,,0.025508999824523926,,
10,,8009,,,,,0.04138777405023575,,
10,,8019,,,,,0.13206732273101807,,
10,,8029,,,,,0.03991881012916565,,
10,,8039,,,,,0.003925355151295662,,
10,,8049,,,,,0.07192223519086838,,
10,,8059,,,,,0.07751526683568954,,
10,,8069,,,,,0.021356191486120224,,
10,,8079,,,,,0.03215958923101425,,
10,,8089,,,,,0.023406103253364563,,
10,,8099,,,,,0.00727418065071106,,
10,,8109,,,,,0.004279814660549164,,
10,,8119,,,,,0.005809195339679718,,
10,,8129,,,,,0.0013423897325992584,,
10,,8139,,,,,0.007160533219575882,,
10,,8149,,,,,0.0038810372352600098,,
10,,8159,,,,,0.01764717325568199,,
10,,8169,,,,,0.01596871018409729,,
10,,8179,,,,,0.028871959075331688,,
10,,8189,,,,,0.005489818751811981,,
10,,8199,,,,,0.14293479919433594,,
10,,8209,,,,,0.039641156792640686,,
10,,8219,,,,,0.029604868963360786,,
10,,8229,,,,,0.0029019899666309357,,
10,,8239,,,,,0.11625500023365021,,
10,,8249,,,,,0.0512629933655262,,
10,,8249,,,,,,0.9809166789054871,0.0779481828212738
10,,8249,,,0.9871041774749756,0.04134361073374748,,,
,0.0005,8250,,,,,,,
11,,8259,,,,,0.023369068279862404,,
11,,8269,,,,,0.0059715621173381805,,
11,,8279,,,,,0.02791336551308632,,
11,,8289,,,,,0.08736956119537354,,
11,,8299,,,,,0.03919234126806259,,
11,,8309,,,,,0.08909103274345398,,
11,,8319,,,,,0.021272163838148117,,
11,,8329,,,,,0.017432494089007378,,
11,,8339,,,,,0.03303256630897522,,
11,,8349,,,,,0.0800037682056427,,
11,,8359,,,,,0.007603732869029045,,
11,,8369,,,,,0.07382655143737793,,
11,,8379,,,,,0.12931761145591736,,
11,,8389,,,,,0.021163173019886017,,
11,,8399,,,,,0.0013520997017621994,,
11,,8409,,,,,0.012627650052309036,,
11,,8419,,,,,0.0024697668850421906,,
11,,8429,,,,,0.00473196804523468,,
11,,8439,,,,,0.009278910234570503,,
11,,8449,,,,,0.0044088587164878845,,
11,,8459,,,,,0.05054619908332825,,
11,,8469,,,,,0.006692461669445038,,
11,,8479,,,,,0.027380887418985367,,
11,,8489,,,,,0.008457278832793236,,
11,,8499,,,,,0.007376817986369133,,
11,,8509,,,,,0.014750529080629349,,
11,,8519,,,,,0.16941238939762115,,
11,,8529,,,,,0.15054351091384888,,
11,,8539,,,,,0.03733673319220543,,
11,,8549,,,,,0.008934300392866135,,
11,,8559,,,,,0.0028148647397756577,,
11,,8569,,,,,0.05400858074426651,,
11,,8579,,,,,0.008972125127911568,,
11,,8589,,,,,0.0828913077712059,,
11,,8599,,,,,0.06307283043861389,,
11,,8609,,,,,0.03664451837539673,,
11,,8619,,,,,0.05804508924484253,,
11,,8629,,,,,0.017619457095861435,,
11,,8639,,,,,0.09002167731523514,,
11,,8649,,,,,0.0025152117013931274,,
11,,8659,,,,,0.006815999746322632,,
11,,8669,,,,,0.013802662491798401,,
11,,8679,,,,,0.007789194583892822,,
11,,8689,,,,,0.003151973709464073,,
11,,8699,,,,,0.007344212383031845,,
11,,8709,,,,,0.04616907238960266,,
11,,8719,,,,,0.019138256087899208,,
11,,8729,,,,,0.0251905620098114,,
11,,8739,,,,,0.019779156893491745,,
11,,8749,,,,,0.07783633470535278,,
11,,8759,,,,,0.007782407104969025,,
11,,8769,,,,,0.05266185104846954,,
11,,8779,,,,,0.0585712194442749,,
11,,8789,,,,,0.01944674551486969,,
11,,8799,,,,,0.086270771920681,,
11,,8809,,,,,0.04282641410827637,,
11,,8819,,,,,0.03416674584150314,,
11,,8829,,,,,0.008482852950692177,,
11,,8839,,,,,0.09031949192285538,,
11,,8849,,,,,0.041694872081279755,,
11,,8859,,,,,0.003458719700574875,,
11,,8869,,,,,0.009324120357632637,,
11,,8879,,,,,0.02236342243850231,,
11,,8889,,,,,0.10547959059476852,,
11,,8899,,,,,0.005712317302823067,,
11,,8909,,,,,0.005580183118581772,,
11,,8919,,,,,0.0927826389670372,,
11,,8929,,,,,0.022263798862695694,,
11,,8939,,,,,0.10742111504077911,,
11,,8949,,,,,0.012290602549910545,,
11,,8959,,,,,0.06694647669792175,,
11,,8969,,,,,0.00570237822830677,,
11,,8979,,,,,0.009294575080275536,,
11,,8989,,,,,0.011236559599637985,,
11,,8999,,,,,0.010549269616603851,,
11,,8999,,,,,,0.9806666374206543,0.08354537189006805
11,,8999,,,0.9879375100135803,0.038499634712934494,,,
,0.0005,9000,,,,,,,
12,,9009,,,,,0.07721751928329468,,
12,,9019,,,,,0.00506456196308136,,
12,,9029,,,,,0.0012902189046144485,,
12,,9039,,,,,0.02779724821448326,,
12,,9049,,,,,0.04707299917936325,,
12,,9059,,,,,0.03327615186572075,,
12,,9069,,,,,0.014416361227631569,,
12,,9079,,,,,0.04186176508665085,,
12,,9089,,,,,0.004898983985185623,,
12,,9099,,,,,0.02365094982087612,,
12,,9109,,,,,0.024309206753969193,,
12,,9119,,,,,0.06887777149677277,,
12,,9129,,,,,0.03281182423233986,,
12,,9139,,,,,0.06805702298879623,,
12,,9149,,,,,0.025115584954619408,,
12,,9159,,,,,0.04639331251382828,,
12,,9169,,,,,0.11917062848806381,,
12,,9179,,,,,0.034666694700717926,,
12,,9189,,,,,0.006925925612449646,,
12,,9199,,,,,0.003720950335264206,,
12,,9209,,,,,0.003821900114417076,,
12,,9219,,,,,0.0774838998913765,,
12,,9229,,,,,0.0475105345249176,,
12,,9239,,,,,0.030179712921380997,,
12,,9249,,,,,0.01609044522047043,,
12,,9259,,,,,0.006376050412654877,,
12,,9269,,,,,0.07262927293777466,,
12,,9279,,,,,0.055281251668930054,,
12,,9289,,,,,0.1780151128768921,,
12,,9299,,,,,0.019754420965909958,,
12,,9309,,,,,0.0838753804564476,,
12,,9319,,,,,0.06111873686313629,,
12,,9329,,,,,0.021112481132149696,,
12,,9339,,,,,0.02104398049414158,,
12,,9349,,,,,0.06039446219801903,,
12,,9359,,,,,0.09258276969194412,,
12,,9369,,,,,0.14043733477592468,,
12,,9379,,,,,0.01430518738925457,,
12,,9389,,,,,0.0702933520078659,,
12,,9399,,,,,0.04558968544006348,,
12,,9409,,,,,0.007668394595384598,,
12,,9419,,,,,0.010643122717738152,,
12,,9429,,,,,0.019099023193120956,,
12,,9439,,,,,0.006314380094408989,,
12,,9449,,,,,0.015810810029506683,,
12,,9459,,,,,0.00741611048579216,,
12,,9469,,,,,0.0007000993937253952,,
12,,9479,,,,,0.12917812168598175,,
12,,9489,,,,,0.024301059544086456,,
12,,9499,,,,,0.003627786412835121,,
12,,9509,,,,,0.02670869417488575,,
12,,9519,,,,,0.101689413189888,,
12,,9529,,,,,0.028263693675398827,,
12,,9539,,,,,0.011452145874500275,,
12,,9549,,,,,0.031057003885507584,,
12,,9559,,,,,0.0026570409536361694,,
12,,9569,,,,,0.00830763764679432,,
12,,9579,,,,,0.00863921269774437,,
12,,9589,,,,,0.13137182593345642,,
12,,9599,,,,,0.005896802991628647,,
12,,9609,,,,,0.007340714335441589,,
12,,9619,,,,,0.01450018398463726,,
12,,9629,,,,,0.013196602463722229,,
12,,9639,,,,,0.002760855481028557,,
12,,9649,,,,,0.028717344626784325,,
12,,9659,,,,,0.002078460529446602,,
12,,9669,,,,,0.006506789475679398,,
12,,9679,,,,,0.011468436568975449,,
12,,9689,,,,,0.05744582414627075,,
12,,9699,,,,,0.0172528438270092,,
12,,9709,,,,,0.01798599772155285,,
12,,9719,,,,,0.00832836888730526,,
12,,9729,,,,,0.0012322906404733658,,
12,,9739,,,,,0.08852047473192215,,
12,,9749,,,,,0.018935538828372955,,
12,,9749,,,,,,0.9797499775886536,0.08295135945081711
12,,9749,,,0.9878333210945129,0.037610411643981934,,,
,0.0005,9750,,,,,,,
13,,9759,,,,,0.027734603732824326,,
13,,9769,,,,,0.006224540993571281,,
13,,9779,,,,,0.0031105466187000275,,
13,,9789,,,,,0.001197952777147293,,
13,,9799,,,,,0.004657726734876633,,
13,,9809,,,,,0.006706869229674339,,
13,,9819,,,,,0.05344149470329285,,
13,,9829,,,,,0.011261211708188057,,
13,,9839,,,,,0.006433445960283279,,
13,,9849,,,,,0.009749416261911392,,
13,,9859,,,,,0.001510636880993843,,
13,,9869,,,,,0.0454845167696476,,
13,,9879,,,,,0.0019006449729204178,,
13,,9889,,,,,0.01534334383904934,,
13,,9899,,,,,0.018362686038017273,,
13,,9909,,,,,0.029594916850328445,,
13,,9919,,,,,0.011864503845572472,,
13,,9929,,,,,0.026608580723404884,,
13,,9939,,,,,0.034392692148685455,,
13,,9949,,,,,0.004404498264193535,,
13,,9959,,,,,0.018013175576925278,,
13,,9969,,,,,0.004146412014961243,,
13,,9979,,,,,0.009016260504722595,,
13,,9989,,,,,0.028703689575195312,,
13,,9999,,,,,0.037935178726911545,,
13,,10009,,,,,0.30354857444763184,,
13,,10019,,,,,0.004734611138701439,,
13,,10029,,,,,0.02071954309940338,,
13,,10039,,,,,0.012743273749947548,,
13,,10049,,,,,0.014848204329609871,,
13,,10059,,,,,0.08527256548404694,,
13,,10069,,,,,0.005785733461380005,,
13,,10079,,,,,0.018504273146390915,,
13,,10089,,,,,0.026516631245613098,,
13,,10099,,,,,0.0021694954484701157,,
13,,10109,,,,,0.009499385952949524,,
13,,10119,,,,,0.04978988319635391,,
13,,10129,,,,,0.0019625909626483917,,
13,,10139,,,,,0.09389340132474899,,
13,,10149,,,,,0.02767421118915081,,
13,,10159,,,,,0.059220559895038605,,
13,,10169,,,,,0.06324625015258789,,
13,,10179,,,,,0.0013347305357456207,,
13,,10189,,,,,0.05088166147470474,,
13,,10199,,,,,0.02808801271021366,,
13,,10209,,,,,0.006142511963844299,,
13,,10219,,,,,0.007266584783792496,,
13,,10229,,,,,0.05432005971670151,,
13,,10239,,,,,0.09396176040172577,,
13,,10249,,,,,0.012630363926291466,,
13,,10259,,,,,0.1441439688205719,,
13,,10269,,,,,0.029468780383467674,,
13,,10279,,,,,0.050652362406253815,,
13,,10289,,,,,0.03650229796767235,,
13,,10299,,,,,0.0029850229620933533,,
13,,10309,,,,,0.07189127802848816,,
13,,10319,,,,,0.000304248183965683,,
13,,10329,,,,,0.030900632962584496,,
13,,10339,,,,,0.014418995007872581,,
13,,10349,,,,,0.004983685910701752,,
13,,10359,,,,,0.047179512679576874,,
13,,10369,,,,,0.0063455477356910706,,
13,,10379,,,,,0.000752866268157959,,
13,,10389,,,,,0.018840337172150612,,
13,,10399,,,,,0.006180940195918083,,
13,,10409,,,,,0.02721710503101349,,
13,,10419,,,,,0.03844466805458069,,
13,,10429,,,,,0.0007410123944282532,,
13,,10439,,,,,0.06771569699048996,,
13,,10449,,,,,0.24532420933246613,,
13,,10459,,,,,0.06781947612762451,,
13,,10469,,,,,0.0027321334928274155,,
13,,10479,,,,,0.01482173427939415,,
13,,10489,,,,,0.08260031044483185,,
13,,10499,,,,,0.02102728746831417,,
13,,10499,,,,,,0.9802500009536743,0.07761889696121216
13,,10499,,,0.9884583353996277,0.03633005917072296,,,
,0.0005,10500,,,,,,,
14,,10509,,,,,0.06576390564441681,,
14,,10519,,,,,0.009330598637461662,,
14,,10529,,,,,0.04080675542354584,,
14,,10539,,,,,0.004761781543493271,,
14,,10549,,,,,0.01655452698469162,,
14,,10559,,,,,0.010270336642861366,,
14,,10569,,,,,0.004389489069581032,,
14,,10579,,,,,0.006939318031072617,,
14,,10589,,,,,0.05858941376209259,,
14,,10599,,,,,0.03889837861061096,,
14,,10609,,,,,0.08798325806856155,,
14,,10619,,,,,0.027881436049938202,,
14,,10629,,,,,0.011944420635700226,,
14,,10639,,,,,0.051213085651397705,,
14,,10649,,,,,0.006602663546800613,,
14,,10659,,,,,0.043869175016880035,,
14,,10669,,,,,0.05400004982948303,,
14,,10679,,,,,0.025542790070176125,,
14,,10689,,,,,0.03224723041057587,,
14,,10699,,,,,0.014300346374511719,,
14,,10709,,,,,0.0052245985716581345,,
14,,10719,,,,,0.1218649297952652,,
14,,10729,,,,,0.028997275978326797,,
14,,10739,,,,,0.0038252100348472595,,
14,,10749,,,,,0.054388973861932755,,
14,,10759,,,,,0.0032833702862262726,,
14,,10769,,,,,0.017745787277817726,,
14,,10779,,,,,0.0030089057981967926,,
14,,10789,,,,,0.027913495898246765,,
14,,10799,,,,,0.020459258928894997,,
14,,10809,,,,,0.01253628358244896,,
14,,10819,,,,,0.030515866354107857,,
14,,10829,,,,,0.0005293227732181549,,
14,,10839,,,,,0.006918655708432198,,
14,,10849,,,,,0.0357198566198349,,
14,,10859,,,,,0.0285039022564888,,
14,,10869,,,,,0.17367374897003174,,
14,,10879,,,,,0.031696803867816925,,
14,,10889,,,,,0.005980128422379494,,
14,,10899,,,,,0.01973869279026985,,
14,,10909,,,,,0.07753198593854904,,
14,,10919,,,,,0.020252693444490433,,
14,,10929,,,,,0.033564016222953796,,
14,,10939,,,,,0.026652928441762924,,
14,,10949,,,,,0.0815967544913292,,
14,,10959,,,,,0.010646270588040352,,
14,,10969,,,,,0.04072241485118866,,
14,,10979,,,,,0.03438009321689606,,
14,,10989,,,,,0.0010953843593597412,,
14,,10999,,,,,0.017297541722655296,,
14,,11009,,,,,0.01990617625415325,,
14,,11019,,,,,0.0033523980528116226,,
14,,11029,,,,,0.025906292721629143,,
14,,11039,,,,,0.01697773113846779,,
14,,11049,,,,,0.009111424908041954,,
14,,11059,,,,,0.018933746963739395,,
14,,11069,,,,,0.01308300532400608,,
14,,11079,,,,,0.007391823455691338,,
14,,11089,,,,,0.03806907683610916,,
14,,11099,,,,,0.017995767295360565,,
14,,11109,,,,,0.02575766108930111,,
14,,11119,,,,,0.03064698912203312,,
14,,11129,,,,,0.030794143676757812,,
14,,11139,,,,,0.047896891832351685,,
14,,11149,,,,,0.03295081853866577,,
14,,11159,,,,,0.022881248965859413,,
14,,11169,,,,,0.09301523864269257,,
14,,11179,,,,,0.10830805450677872,,
14,,11189,,,,,0.01826425828039646,,
14,,11199,,,,,0.009750442579388618,,
14,,11209,,,,,0.02133101224899292,,
14,,11219,,,,,0.008772782981395721,,
14,,11229,,,,,0.0480167493224144,,
14,,11239,,,,,0.22228099405765533,,
14,,11249,,,,,0.14317592978477478,,
14,,11249,,,,,,0.9790833592414856,0.0834667906165123
14,,11249,,,0.989270806312561,0.03412937372922897,,,
,0.0005,11250,,,,,,,
15,,11259,,,,,0.04998290538787842,,
15,,11269,,,,,0.007241755723953247,,
15,,11279,,,,,0.051908258348703384,,
15,,11289,,,,,0.021164337173104286,,
15,,11299,,,,,0.0049557164311409,,
15,,11309,,,,,0.009765654802322388,,
15,,11319,,,,,0.01978554017841816,,
15,,11329,,,,,0.02951112389564514,,
15,,11339,,,,,0.029613716527819633,,
15,,11349,,,,,0.014897942543029785,,
15,,11359,,,,,0.06512315571308136,,
15,,11369,,,,,0.03522281348705292,,
15,,11379,,,,,0.03334391489624977,,
15,,11389,,,,,0.0017396826297044754,,
15,,11399,,,,,0.1143295168876648,,
15,,11409,,,,,0.007551811635494232,,
15,,11419,,,,,0.0022272318601608276,,
15,,11429,,,,,0.002456607297062874,,
15,,11439,,,,,0.012297265231609344,,
15,,11449,,,,,0.009882258251309395,,
15,,11459,,,,,0.18869057297706604,,
15,,11469,,,,,0.011865833774209023,,
15,,11479,,,,,0.016971666365861893,,
15,,11489,,,,,0.002345612272620201,,
15,,11499,,,,,0.05049659684300423,,
15,,11509,,,,,0.03469260036945343,,
15,,11519,,,,,0.10044098645448685,,
15,,11529,,,,,0.001731356605887413,,
15,,11539,,,,,0.06679381430149078,,
15,,11549,,,,,0.0052504148334264755,,
15,,11559,,,,,0.004646731540560722,,
15,,11569,,,,,0.004292069002985954,,
15,,11579,,,,,0.0033916551619768143,,
15,,11589,,,,,0.016665665432810783,,
15,,11599,,,,,0.029820410534739494,,
15,,11609,,,,,0.046829111874103546,,
15,,11619,,,,,0.00336550734937191,,
15,,11629,,,,,0.0019759200513362885,,
15,,11639,,,,,0.056688092648983,,
15,,11649,,,,,0.009602708742022514,,
15,,11659,,,,,0.10996966809034348,,
15,,11669,,,,,0.11734354496002197,,
15,,11679,,,,,0.03400789201259613,,
15,,11689,,,,,0.026455756276845932,,
15,,11699,,,,,0.03458091616630554,,
15,,11709,,,,,0.008792411535978317,,
15,,11719,,,,,0.0041458215564489365,,
15,,11729,,,,,0.004115747287869453,,
15,,11739,,,,,0.005467267706990242,,
15,,11749,,,,,0.037770479917526245,,
15,,11759,,,,,0.05841464549303055,,
15,,11769,,,,,0.07207141071557999,,
15,,11779,,,,,0.06578053534030914,,
15,,11789,,,,,0.0015326961874961853,,
15,,11799,,,,,0.0842113122344017,,
15,,11809,,,,,0.005644643679261208,,
15,,11819,,,,,0.010389493778347969,,
15,,11829,,,,,0.0473661795258522,,
15,,11839,,,,,0.03197889402508736,,
15,,11849,,,,,0.011112533509731293,,
15,,11859,,,,,0.04811788350343704,,
15,,11869,,,,,0.07352064549922943,,
15,,11879,,,,,0.0038596950471401215,,
15,,11889,,,,,0.007882490754127502,,
15,,11899,,,,,0.10749924182891846,,
15,,11909,,,,,0.003138940781354904,,
15,,11919,,,,,0.008873233571648598,,
15,,11929,,,,,0.0438290536403656,,
15,,11939,,,,,0.0070383381098508835,,
15,,11949,,,,,0.04011943191289902,,
15,,11959,,,,,0.027734821662306786,,
15,,11969,,,,,0.029348554089665413,,
15,,11979,,,,,0.0019799023866653442,,
15,,11989,,,,,0.02024516463279724,,
15,,11999,,,,,0.026951655745506287,,
15,,11999,,,,,,0.9804166555404663,0.08885198086500168
15,,11999,,,0.9895208477973938,0.031404100358486176,,,
,0.0005,12000,,,,,,,
16,,12009,,,,,0.009639240801334381,,
16,,12019,,,,,0.0021963901817798615,,
16,,12029,,,,,0.0024149473756551743,,
16,,12039,,,,,0.01647580973803997,,
16,,12049,,,,,0.008378714323043823,,
16,,12059,,,,,0.019679268822073936,,
16,,12069,,,,,0.007098188623785973,,
16,,12079,,,,,0.000765334814786911,,
16,,12089,,,,,0.04892900586128235,,
16,,12099,,,,,0.0008634142577648163,,
16,,12109,,,,,0.0029916223138570786,,
16,,12119,,,,,0.03070404939353466,,
16,,12129,,,,,0.0003795493394136429,,
16,,12139,,,,,0.030257558450102806,,
16,,12149,,,,,0.029930632561445236,,
16,,12159,,,,,0.001144595444202423,,
16,,12169,,,,,0.16360008716583252,,
16,,12179,,,,,0.018049491569399834,,
16,,12189,,,,,0.0025802291929721832,,
16,,12199,,,,,0.02237493358552456,,
16,,12209,,,,,0.050010718405246735,,
16,,12219,,,,,0.04285416007041931,,
16,,12229,,,,,0.013656996190547943,,
16,,12239,,,,,0.03151515871286392,,
16,,12249,,,,,0.005209710448980331,,
16,,12259,,,,,0.04048747569322586,,
16,,12269,,,,,0.010266609489917755,,
16,,12279,,,,,0.039909858256578445,,
16,,12289,,,,,0.04118765890598297,,
16,,12299,,,,,0.03002995252609253,,
16,,12309,,,,,0.10859369486570358,,
16,,12319,,,,,0.07723478972911835,,
16,,12329,,,,,0.1768457293510437,,
16,,12339,,,,,0.0022374968975782394,,
16,,12349,,,,,0.02116996794939041,,
16,,12359,,,,,0.002251703292131424,,
16,,12369,,,,,0.006968759000301361,,
16,,12379,,,,,0.006016185507178307,,
16,,12389,,,,,0.01479497179389,,
16,,12399,,,,,0.0022737588733434677,,
16,,12409,,,,,0.018401803448796272,,
16,,12419,,,,,0.025353362783789635,,
16,,12429,,,,,0.004413861781358719,,
16,,12439,,,,,0.0651160329580307,,
16,,12449,,,,,0.06501135975122452,,
16,,12459,,,,,0.005653420463204384,,
16,,12469,,,,,0.09017954766750336,,
16,,12479,,,,,0.03557383269071579,,
16,,12489,,,,,0.03155115991830826,,
16,,12499,,,,,0.0076777134090662,,
16,,12509,,,,,0.003818294033408165,,
16,,12519,,,,,0.014960156753659248,,
16,,12529,,,,,0.016478121280670166,,
16,,12539,,,,,0.005498135462403297,,
16,,12549,,,,,0.010571004822850227,,
16,,12559,,,,,0.042234212160110474,,
16,,12569,,,,,0.03559442609548569,,
16,,12579,,,,,0.03366388380527496,,
16,,12589,,,,,0.007683899253606796,,
16,,12599,,,,,0.0070797838270664215,,
16,,12609,,,,,0.009845774620771408,,
16,,12619,,,,,0.03883303701877594,,
16,,12629,,,,,0.005217242985963821,,
16,,12639,,,,,0.1303829848766327,,
16,,12649,,,,,0.03222397714853287,,
16,,12659,,,,,0.023854026570916176,,
16,,12669,,,,,0.006042035296559334,,
16,,12679,,,,,0.00044086575508117676,,
16,,12689,,,,,0.00014030002057552338,,
16,,12699,,,,,0.0021762680262327194,,
16,,12709,,,,,0.009830120950937271,,
16,,12719,,,,,0.007198307663202286,,
16,,12729,,,,,0.010311657562851906,,
16,,12739,,,,,0.0035647153854370117,,
16,,12749,,,,,0.17264488339424133,,
16,,12749,,,,,,0.9800000190734863,0.08916912972927094
16,,12749,,,0.9900208115577698,0.031558580696582794,,,
,0.0005,12750,,,,,,,
17,,12759,,,,,0.004354385659098625,,
17,,12769,,,,,0.03615378588438034,,
17,,12779,,,,,0.046303775161504745,,
17,,12789,,,,,0.0023175347596406937,,
17,,12799,,,,,0.003073718398809433,,
17,,12809,,,,,0.24378666281700134,,
17,,12819,,,,,0.016452478244900703,,
17,,12829,,,,,0.0036789346486330032,,
17,,12839,,,,,0.016080960631370544,,
17,,12849,,,,,0.00046720728278160095,,
17,,12859,,,,,0.0028922874480485916,,
17,,12869,,,,,0.15068313479423523,,
17,,12879,,,,,0.006902778521180153,,
17,,12889,,,,,0.038216352462768555,,
17,,12899,,,,,0.0015490632504224777,,
17,,12909,,,,,0.0466606579720974,,
17,,12919,,,,,0.0039554741233587265,,
17,,12929,,,,,0.010282160714268684,,
17,,12939,,,,,0.016849342733621597,,
17,,12949,,,,,0.0281833466142416,,
17,,12959,,,,,0.017610875889658928,,
17,,12969,,,,,0.002662448212504387,,
17,,12979,,,,,0.01737818494439125,,
17,,12989,,,,,0.006098262965679169,,
17,,12999,,,,,0.004760466516017914,,
17,,13009,,,,,0.018790364265441895,,
17,,13019,,,,,0.028229067102074623,,
17,,13029,,,,,0.14503471553325653,,
17,,13039,,,,,0.007186662405729294,,
17,,13049,,,,,0.010986130684614182,,
17,,13059,,,,,0.11078046262264252,,
17,,13069,,,,,0.010733794420957565,,
17,,13079,,,,,0.032343827188014984,,
17,,13089,,,,,0.004580212756991386,,
17,,13099,,,,,0.00687626376748085,,
17,,13109,,,,,0.006969017907977104,,
17,,13119,,,,,0.039936404675245285,,
17,,13129,,,,,0.028651675209403038,,
17,,13139,,,,,0.056084174662828445,,
17,,13149,,,,,0.002452077344059944,,
17,,13159,,,,,0.040335435420274734,,
17,,13169,,,,,0.01544187031686306,,
17,,13179,,,,,0.08912825584411621,,
17,,13189,,,,,0.000501168891787529,,
17,,13199,,,,,0.0013345703482627869,,
17,,13209,,,,,0.08270475268363953,,
17,,13219,,,,,0.005840115249156952,,
17,,13229,,,,,0.0038626883178949356,,
17,,13239,,,,,0.001455223187804222,,
17,,13249,,,,,0.025908706709742546,,
17,,13259,,,,,0.014024492353200912,,
17,,13269,,,,,0.008139899000525475,,
17,,13279,,,,,0.004534900188446045,,
17,,13289,,,,,0.005009204149246216,,
17,,13299,,,,,0.027553752064704895,,
17,,13309,,,,,0.011615604162216187,,
17,,13319,,,,,0.0926598384976387,,
17,,13329,,,,,0.13413679599761963,,
17,,13339,,,,,0.04842967540025711,,
17,,13349,,,,,0.028734397143125534,,
17,,13359,,,,,0.014108099043369293,,
17,,13369,,,,,0.0194197129458189,,
17,,13379,,,,,0.06922736763954163,,
17,,13389,,,,,0.05618754029273987,,
17,,13399,,,,,0.047046832740306854,,
17,,13409,,,,,0.017702803015708923,,
17,,13419,,,,,0.007194459438323975,,
17,,13429,,,,,0.04707852751016617,,
17,,13439,,,,,0.010950898751616478,,
17,,13449,,,,,0.006165586411952972,,
17,,13459,,,,,0.01915835775434971,,
17,,13469,,,,,0.008176255971193314,,
17,,13479,,,,,0.0015464387834072113,,
17,,13489,,,,,0.11668291687965393,,
17,,13499,,,,,0.016570324078202248,,
17,,13499,,,,,,0.9825000166893005,0.08802372962236404
17,,13499,,,0.9912708401679993,0.027833102270960808,,,
,0.00025,13500,,,,,,,
18,,13509,,,,,0.009086458012461662,,
18,,13519,,,,,0.011529864743351936,,
18,,13529,,,,,0.004745816811919212,,
18,,13539,,,,,0.1909463107585907,,
18,,13549,,,,,0.013267487287521362,,
18,,13559,,,,,0.0032120291143655777,,
18,,13569,,,,,0.00539926253259182,,
18,,13579,,,,,0.0029011815786361694,,
18,,13589,,,,,0.02527591399848461,,
18,,13599,,,,,0.00014331378042697906,,
18,,13609,,,,,0.0385802686214447,,
18,,13619,,,,,0.0078768040984869,,
18,,13629,,,,,0.009332114830613136,,
18,,13639,,,,,0.016643160954117775,,
18,,13649,,,,,0.018485689535737038,,
18,,13659,,,,,0.02165866084396839,,
18,,13669,,,,,0.028167571872472763,,
18,,13679,,,,,0.011300204321742058,,
18,,13689,,,,,0.017750581726431847,,
18,,13699,,,,,0.10232304036617279,,
18,,13709,,,,,0.025203701108694077,,
18,,13719,,,,,0.01746797375380993,,
18,,13729,,,,,0.004866834729909897,,
18,,13739,,,,,0.03404182940721512,,
18,,13749,,,,,0.0062015727162361145,,
18,,13759,,,,,0.02420329861342907,,
18,,13769,,,,,0.011049140244722366,,
18,,13779,,,,,0.0010468177497386932,,
18,,13789,,,,,0.0031325817108154297,,
18,,13799,,,,,0.0004035327583551407,,
18,,13809,,,,,0.00042865052819252014,,
18,,13819,,,,,0.00426037423312664,,
18,,13829,,,,,0.0007628127932548523,,
18,,13839,,,,,0.005543924868106842,,
18,,13849,,,,,0.010920172557234764,,
18,,13859,,,,,0.18337632715702057,,
18,,13869,,,,,0.024836841970682144,,
18,,13879,,,,,0.007357509806752205,,
18,,13889,,,,,0.013691684231162071,,
18,,13899,,,,,0.023166583850979805,,
18,,13909,,,,,0.04486125707626343,,
18,,13919,,,,,0.21725308895111084,,
18,,13929,,,,,0.013126499950885773,,
18,,13939,,,,,0.002297123894095421,,
18,,13949,,,,,0.021210193634033203,,
18,,13959,,,,,0.04776131361722946,,
18,,13969,,,,,0.0019802656024694443,,
18,,13979,,,,,0.003581283614039421,,
18,,13989,,,,,0.03093014657497406,,
18,,13999,,,,,0.012986941263079643,,
18,,14009,,,,,0.0017066318541765213,,
18,,14019,,,,,0.02025417424738407,,
18,,14029,,,,,0.00429534912109375,,
18,,14039,,,,,0.0048264916986227036,,
18,,14049,,,,,0.013904565945267677,,
18,,14059,,,,,0.012402312830090523,,
18,,14069,,,,,0.0006963983178138733,,
18,,14079,,,,,0.004192490130662918,,
18,,14089,,,,,0.010464072227478027,,
18,,14099,,,,,0.00499352253973484,,
18,,14109,,,,,0.14523231983184814,,
18,,14119,,,,,0.046913281083106995,,
18,,14129,,,,,0.00528133288025856,,
18,,14139,,,,,0.004200158640742302,,
18,,14149,,,,,0.018510621041059494,,
18,,14159,,,,,0.013736972585320473,,
18,,14169,,,,,0.01142236590385437,,
18,,14179,,,,,0.17734885215759277,,
18,,14189,,,,,0.002753647044301033,,
18,,14199,,,,,0.01400795392692089,,
18,,14209,,,,,0.0016053207218647003,,
18,,14219,,,,,0.011523189023137093,,
18,,14229,,,,,0.00020899996161460876,,
18,,14239,,,,,0.008120404556393623,,
18,,14249,,,,,0.014736533164978027,,
18,,14249,,,,,,0.9823333621025085,0.0829196646809578
18,,14249,,,0.9923333525657654,0.02530873939394951,,,
19,,14250,0.9829999804496765,0.07621914893388748,,,,,
